slice,gene,raw_pcc,direct_pcc,ridge_pcc,final_pcc,paper_pcc,delta_paper
slice2,ESR1,0.33903712034225464,0.29583510756492615,0.2414090484380722,0.31738948822021484,0.369,-0.05161051177978515
slice2,ERBB2,0.6810874342918396,0.6372724771499634,0.6231175065040588,0.6613548398017883,0.661,0.0003548398017882981
slice1,PGR,0.09538640826940536,0.17617671191692352,0.08102087676525116,0.17617671191692352,0.144,0.032176711916923534
slice1,KRT14,0.57635098695755,0.5537423491477966,0.4230324923992157,0.5743259787559509,0.65,-0.0756740212440491
